x1,x2,x3,y
1.506505305,3.247702341,1.066148283,-1.573311634
1.809700363,3.078848315,-6.119119462,-119.5545854
1.955238469,3.9734889,-3.511715855,-28.4400487
1.765312469,2.901287887,4.682521992,46.710987
1.382154903,2.131942372,0.932990789,-0.848402271
2.103019065,3.477986358,4.165591165,28.58502982
1.989299091,1.179485288,-1.802819561,-10.02897517
2.47755372,3.077712595,3.870381675,19.75147449
1.580942364,2.810944376,6.35087927,124.8283179
1.681958668,4.186582007,-0.578595461,-4.206630782
2.013441483,3.006225561,-0.365080583,-5.458611465
2.183958613,5.180128879,2.380337842,-1.502832223
1.574739167,3.287287239,-2.482386562,-10.59706642
2.092034712,4.517874108,4.50349419,40.1783777
1.958099593,2.98637394,-6.750495638,-159.6256519
1.604475293,-1.646649342,2.144028462,1.8201234
2.142204524,4.712683556,9.425911446,411.1533906
2.075546575,5.072897899,4.11758221,27.39701043
2.322282252,5.661064218,-2.100417971,-12.84715054
1.496845891,1.788903465,-3.365882232,-22.19642937
2.554647998,3.569364195,-4.828913236,-66.17904145
3.097704265,3.752801664,0.328509609,-15.20763544
1.355585452,6.889405605,-3.079810961,-17.30735263
2.426497545,3.67235605,0.845516393,-9.149475905
2.941589517,2.460858997,2.44887406,-6.190896341
1.247919824,4.474630086,8.325249214,286.4118705
2.618898525,3.295372086,-1.087072183,-12.38881249
2.292731081,0.944582066,7.612523391,210.9731269
1.618302732,0.823430353,-2.009064549,-8.004210644
1.636056532,-1.327356762,2.687602184,6.24708387
3.75595022,2.136384067,-2.361861999,-30.87496573
1.774650489,5.923396314,1.497629653,-1.756613814
2.37178541,0.802923426,-0.527022428,-8.503092349
2.523853747,0.919206456,-3.653623974,-35.57653099
1.153892819,3.30198812,-0.230556286,-0.178242383
2.887974522,4.164391492,4.248283561,22.9247669
2.216883377,0.572300844,1.421014298,-6.263981031
2.308952807,1.818423478,0.238365714,-7.778639214
1.61151556,1.978901407,2.053056905,-0.328706964
1.513589404,4.56911066,3.641293311,20.11190624
2.339996406,2.226273571,1.87879197,-4.004337768
1.978120804,4.1406327,-7.45532582,-213.4961075
1.547983552,6.655719395,-5.730119246,-96.56749918
1.904236263,-0.673422759,1.238488281,-4.937910937
1.961162608,-0.309080526,3.218091531,9.735577436
1.314070889,1.987655701,1.075185091,-1.285115197
2.080136228,1.673094757,-3.738257673,-33.39286908
2.366781251,1.272538882,-2.527246082,-15.76965383
1.67903837,-1.283143243,3.99918596,27.19913899
2.098479069,3.613604693,1.415591744,-4.618918457
1.587525048,2.340520433,7.566403012,211.5384602
1.179251349,3.264867773,6.512319042,135.9928199
1.712391056,2.87654003,5.333340383,73.57885613
1.834828315,3.620826404,-0.206659292,-2.684407055
1.571986083,-2.260278026,-5.42571489,-83.37261354
2.31602,0.652097114,-0.316941362,-7.876564019
1.332860142,1.503855555,0.510731144,-1.740626589
2.198393039,0.034420738,-2.562839848,-14.32433764
1.16451727,1.632501757,-1.09620654,-2.344868137
1.4895646,1.925818188,4.988158739,61.47795904
1.302347099,2.387130723,1.073739665,0.516233563
2.094029831,3.334718621,8.149393981,262.6657554
2.171541799,0.479002048,5.88397305,93.9332769
0.70815448,6.622050457,-0.792310706,-1.304721067
1.946152906,-1.474643812,6.530135926,135.5136395
1.828409697,4.018977665,-3.167690727,-21.00615464
1.238167754,4.270182363,-5.308064641,-78.30382221
1.752480215,3.037812632,5.26325759,69.54865169
1.122813312,4.356852336,5.310245596,74.5497058
2.148152199,5.363711795,1.445105602,-5.697775969
0.979069182,-0.05973671,-4.312681189,-39.60742284
2.02696467,3.711021837,5.801115282,92.83513401
2.184022353,4.527160425,0.602874211,-8.004495898
1.954120073,-0.510785078,5.759802189,89.43090699
2.551586994,0.373776942,-1.071781786,-11.75307863
2.219606274,4.25792053,-4.336031718,-48.44347322
2.636418204,2.890080181,4.473290507,32.63977432
2.769034003,1.146383615,-0.14816351,-13.45505561
2.683210484,6.4348764,0.019734494,-13.71369434
1.392229226,1.38131601,0.383728057,-3.111839357
1.97218541,1.500933166,-5.1454162,-74.92476559
2.777694429,1.9578798,1.736717274,-9.120325209
1.603700477,6.93311302,2.741378656,5.777855875
1.371466786,1.900314013,3.210407998,17.39493567
1.657713156,4.918938085,0.170700786,-4.879598148
2.490030393,5.220107803,3.045705392,4.444686039
1.954766551,2.784780922,7.767406561,227.4933648
1.742409394,3.247298819,4.486414066,43.18963998
2.297955263,2.695055752,-5.375327205,-86.03422346
2.698794014,1.093828758,-5.330715419,-87.91433202
1.689743941,2.04904067,-0.288130372,-4.453651114
2.375635424,2.678491919,8.428426936,291.5339214
1.535998476,4.245686262,1.577377237,-0.809320316
3.119462602,2.606431324,4.551553867,29.42185865
3.211850206,2.605172874,-6.183000105,-135.9107712
2.506433506,3.512764987,0.913844801,-9.824410059
1.976327089,4.762310644,-4.769458526,-60.24209202
1.749290081,1.083115882,-6.35939962,-132.2373837
1.895613517,5.090166796,-3.436676298,-24.15203643
2.296552429,6.209995335,3.498140274,13.01360118
2.953348114,4.270570073,3.869423714,14.66573054
2.15326586,-1.800935444,1.871368541,-5.768429114
2.276592133,0.367499975,-3.618094291,-30.35142954
1.061682974,2.070523836,4.71750232,50.52850063
1.034235186,3.55067291,7.542502651,212.8045044
2.542180323,3.764642196,-0.524229935,-12.30409757
2.894797391,2.549671961,-1.567847159,-15.86329077
2.276217784,-0.644654558,3.20483315,8.949636787
2.416866947,1.612300648,-0.45200931,-11.06943792
2.537099736,3.888657969,1.787286628,-8.616205177
2.668887438,4.676430952,9.026871271,357.2535799
1.813221164,1.244820465,6.59512296,137.2180976
2.224238243,1.171221446,1.196710531,-6.047670964
2.702407647,4.239485067,-0.480263534,-12.09309735
2.3408741,1.721292549,2.187694012,-4.173651753
1.668144686,2.920614407,-2.223862382,-10.04809324
3.226876762,4.855078629,-1.104124191,-18.53675831
2.105812158,5.716439415,0.568583531,-6.347456922
1.634172977,5.368888589,-5.063699272,-67.62005112
2.449488946,4.72946032,-0.611193954,-9.267741283
2.049120245,3.897263644,2.759578419,4.995992898
0.988167653,1.55421411,-5.943337155,-106.9997639
1.726865738,6.216621109,-4.398931782,-45.32995446
2.517869868,4.938025403,1.6222673,-10.38981038
2.061204407,1.982421142,3.588707265,15.89864246
2.478225448,2.554024841,0.929952308,-7.863251202
2.842249906,1.160392964,1.701115729,-10.10816767
2.547687887,3.515036925,-1.053305945,-11.10958587
2.51621821,4.645711246,4.723603913,44.08948772
2.222051691,5.07604609,3.887464153,21.04558238
1.390321286,2.037372315,-4.082801545,-35.95017335
1.82912925,4.226113682,1.344023488,-4.053961804
2.10797985,4.596275784,-0.245831681,-5.94271134
1.582674097,-0.068592009,8.902847038,349.6054821
0.785699796,2.706105027,5.869624342,98.91799646
1.353497461,2.705398368,3.746922368,24.43922987
1.855227585,3.078153416,-2.750716722,-14.75505776
1.735183687,1.927130222,1.096558151,-5.116549203
2.127208009,1.422599782,5.017040819,56.27168909
1.43653488,2.59246081,1.504515711,-1.924899921
1.234904576,1.549878837,2.582017231,5.75217707
2.32077616,4.785279414,-5.982625999,-116.0205738
1.318850094,0.816825052,4.680345161,48.27420811
2.985479992,3.086388902,7.259294189,176.5299565
1.919350778,4.436711761,-0.060248419,-4.84262653
2.632949935,0.488249589,1.042449273,-10.67917092
1.103931269,3.126639737,1.408480401,-0.990027125
2.041346396,2.223544196,6.694611466,145.7249554
2.095949815,6.77254421,3.575078812,16.15232357
1.745955061,-0.085477359,1.376514505,-2.484645017
2.886742382,5.601412028,2.136543283,-10.0762638
2.58867736,4.248560958,1.300629246,-10.3346404
2.6601308,2.453942433,-3.477363199,-34.17436552
3.118821033,2.321987798,4.058041543,19.39911573
1.858990309,6.327497318,-3.381700266,-24.21166068
1.589591094,0.391604018,-2.76256035,-12.88994435
2.578738217,4.424108616,-7.381156895,-212.8942353
2.67938624,2.205132601,-0.292406707,-12.26365881
1.258877367,3.302784031,3.884297047,26.30776252
1.827905739,1.165583406,3.591027926,17.71623179
1.519976832,3.553243227,3.482438626,19.13441284
2.777366302,1.18639295,2.379785306,-5.31563341
3.199495804,2.453571119,2.1833626,-12.35713282
2.947169872,5.52291852,-2.680478975,-22.54061415
1.853812747,3.270514765,-2.330396714,-11.04818823
1.68143279,4.040675192,2.83617075,6.31944276
1.593450727,4.269749716,-6.350797914,-132.1434343
2.562864777,2.521945915,-6.175741692,-129.5593935
2.261816787,0.696893219,-1.600333853,-11.32793362
1.737077477,-0.024044971,-1.466627688,-6.835554965
2.854741405,1.033818373,1.874393587,-9.534754658
1.9951028,2.603327824,8.825931904,335.484101
2.460498207,3.02889161,0.454642932,-10.32899436
2.341621846,3.95518495,-6.210976657,-128.1257521
3.333200855,2.100658337,6.349939232,110.9721908
2.533340639,1.449378453,4.165965899,27.04232713
0.667531072,3.536064166,4.406966655,42.2903347
2.15069161,3.482250053,-5.745799838,-102.7875111
2.557758506,0.89103382,-0.358900934,-10.48856259
2.173990453,3.576701032,-4.065330824,-40.18018081
3.431531251,3.769380371,11.02615032,650.0876481
2.076993088,4.054569664,5.578586437,80.86767005
0.856608169,1.230579246,-3.175703043,-16.72781995
1.374025296,2.017471563,-3.421056455,-21.69600929
1.365973913,5.558372815,-2.478221788,-11.06657059
1.670804779,3.962625299,-0.254748056,-5.186729577
2.378630983,0.695185,-7.429478964,-215.2995296
1.089243874,2.063320564,0.043706074,-2.564464163
1.598474436,3.951609966,1.456840648,-0.437467209
2.154341547,3.562790437,1.474624758,-4.79611934
2.766243317,3.636856476,-3.81931528,-40.11207127
1.701997898,2.370018953,0.926920912,-2.640608114
1.558508331,3.186096247,7.594546126,217.660915
2.488405572,6.500116942,-2.846339757,-21.28674868
2.286231839,6.647001575,-0.532944178,-7.359901545
2.631647799,3.129935062,-0.192981834,-12.0714895
1.286312782,6.011823143,2.664663182,7.000823542
1.837179316,2.382496969,7.193027815,179.8547612
2.804034631,1.322184857,-0.866509232,-14.2499834
1.240178383,1.631235862,-1.353866922,-3.306256867
1.348169736,-1.751146369,3.897891561,27.00724274
1.449896153,3.335383111,-2.137793684,-8.029188521
2.189917763,5.086352783,-0.516724163,-6.6314124
2.4060798,2.771230623,3.178306207,6.648712691
2.1869344,3.26358775,3.007419649,6.375324887
1.261625364,3.606039789,-2.392692809,-8.125797424
2.39337958,4.854684931,1.195148415,-8.644128989
1.690306819,7.106851615,-1.319142926,-5.527203965
2.572365804,4.9280495,-1.602198708,-12.73950358
1.864344575,2.071121316,-0.549604851,-5.578396486
1.910778685,2.100333315,1.447225548,-2.827367983
0.837262609,4.418950326,0.686163177,-0.5418245
2.067658294,2.596966195,-0.195448866,-6.95401455
3.031024099,-0.340305407,-9.58245341,-454.3712094
2.705138423,1.697364155,-0.436754758,-11.62671641
2.004771853,4.339198339,0.783572058,-5.165647217
2.220854959,-0.421752614,-3.682777231,-32.83894573
1.371098062,1.828172707,-0.789094549,-0.597833591
2.130845372,-0.368677207,-4.203400595,-42.49171265
2.735696498,2.308090588,0.411054486,-12.320217
3.031370594,2.202899927,5.412067518,64.01560349
2.369390644,5.886547767,2.931984962,3.973845564
2.008964809,2.09500772,1.683023741,-3.060330768
2.608049962,4.753094035,3.132395818,3.68153793
1.829647932,4.681407848,5.439774435,74.85872349
2.307486104,-2.007591026,-4.279873285,-47.80494806
1.922157421,0.948669381,-2.09493866,-10.78513811
2.140897129,4.538493162,4.077511092,26.31790516
2.314175583,2.590443751,4.107000324,27.36855399
2.104007693,5.060653799,-7.999507672,-261.8530578
1.627418397,3.605956639,2.826910573,7.878448704
2.849484372,5.3018517,0.26857585,-14.812332
1.950946125,4.921095952,-1.561763624,-5.946516174
2.134018462,3.840313818,-3.362724083,-23.15508046
0.466084124,5.69387589,1.087448534,1.339414364
1.512053854,3.021132064,-0.677048579,-2.583187831
1.358133028,5.276189612,1.40984458,-2.622543895
0.484369172,0.930718335,-2.766897055,-10.77961647
1.828825314,0.826555645,3.28017594,10.55239777
2.220159697,1.599808479,9.146127487,372.6054768
3.298395699,1.722224782,-6.202112082,-138.0248379
1.590360575,3.560804141,6.223427601,116.9706674
1.085015545,0.371877885,-2.777815582,-12.14666619
2.279878503,6.019369018,5.603464411,80.76525338
2.614213767,4.29379421,6.384836834,118.739033
2.425273065,6.617855043,8.205473513,268.2826894
2.520562677,2.124376361,5.530474514,76.80998331
2.195565836,1.91561633,-1.382733775,-9.483001818
1.306640538,4.88701926,-1.543597511,-5.455204337
0.996334104,4.042724633,3.098340416,14.05174184
1.189968874,3.047058106,1.218332599,-1.340995499
3.271333172,1.604482232,5.341336941,57.6745695
2.064176209,4.234468746,6.073514871,106.343317
2.537519111,5.66865589,-1.415984133,-11.90852559
2.192505472,2.858371785,1.047771589,-6.89586589
3.329041527,0.127382427,0.028625639,-18.32895052
2.300771206,3.856482615,4.216107846,29.87553508
1.850107076,4.768947517,5.133715551,62.11231794
1.691200433,3.824314963,5.308171668,70.6363405
0.321908058,2.391941824,-1.62868112,0.003705186
1.108513481,4.402233386,3.281853195,15.72104546
1.748557829,6.478526593,-5.244831543,-76.13006691
2.862443755,4.517994734,6.479535739,122.8444838
1.990132305,-0.164068199,0.719144733,-4.935652132
2.099396468,2.323488092,3.754754913,17.1893506
2.114603448,0.502962256,1.052414445,-6.861784633
1.622140998,2.35787671,-1.46355019,-4.939752374
2.233394952,1.792587436,4.058261623,24.82252661
2.037054863,3.800506524,-0.409576933,-3.853217383
1.90992546,3.289825873,-0.760031001,-5.769783209
2.377111641,3.979888968,2.490577657,-1.672171977
1.751774406,2.692106181,7.085438061,173.2689923
2.205711997,4.941935103,3.067786072,7.621841623
2.188656498,2.478268339,-5.702462192,-100.0816575
1.159968319,1.550422122,1.32318076,-0.518136892
1.891003589,2.055844954,-2.340219492,-10.91941399
1.576758333,1.677620899,1.873233814,-0.037756245
0.577974587,-0.716705988,2.000413194,5.185045474
1.924200477,1.997723199,7.375460642,196.1400777
1.731814155,4.109569438,2.247700052,0.378621787
2.550547729,1.656156072,-0.759121263,-10.00707108
2.23704415,3.379433404,6.611833773,135.7137192
2.049877518,2.505142271,0.930965982,-6.289855034
1.298353644,1.777429729,-4.281329357,-41.91761119
1.000108489,5.86588212,-0.670263258,-0.048128378
2.234136727,3.187844966,0.619703985,-6.717317571
1.885172621,1.299840916,-9.770965985,-472.686767
2.435646906,1.255617446,-2.448996343,-17.98807684
1.183937143,6.908390219,4.670321077,51.40915732
1.469084022,5.56384542,1.976786125,0.718605198
2.738570645,1.882896781,1.678537712,-9.302654251
1.907239007,6.172572002,-6.328520892,-133.5231694
2.039075357,4.75120746,1.504913143,-5.224708544
2.604812107,0.168737623,5.109557826,55.86143143
1.931781282,1.609944054,-0.519607291,-5.501785793
1.957441746,3.902955654,1.69580874,-4.029444418
2.552778805,3.977778848,-3.902940559,-40.85787553
2.038704245,5.759645981,-0.551372327,-4.113514103
2.248747623,0.070188261,3.119956152,6.924597371
2.608347238,1.064679951,-1.994349981,-14.1375383
1.319401992,4.105509239,-7.70986213,-230.4841982
2.32349267,1.063965675,2.919812825,3.942995368
2.533327114,3.773851889,-3.900679527,-39.1457936
2.678906395,3.223572434,1.615581511,-8.672260491
1.5086854,5.555444379,0.239022362,-3.215879616
2.834366222,-0.217494205,8.671666153,313.8717128
1.715493218,2.786652443,-0.87324969,-4.974921381
2.287361689,3.25631837,5.470185634,76.45087661
1.890448464,3.349966732,2.469058936,2.452998385
2.415191559,0.935229655,0.217956196,-8.381419376
2.235956336,2.94819562,-2.689239607,-16.63996747
3.255992474,0.653780134,-1.329399714,-18.61186418
1.106136218,6.017937083,-4.479690312,-44.99228075
1.946908045,1.889813679,0.474676939,-5.006465829
3.082683717,6.375654638,5.854115709,84.80050105
3.105753481,4.051027679,1.54855603,-17.34260766
1.822573864,1.59384633,4.900876709,56.17647513
2.723583323,2.666459446,-6.500519273,-149.5700534
1.867749825,2.936089546,2.975863657,7.705652985
1.389221321,4.606964607,7.159837221,179.9161169
1.331477404,4.934324877,-0.610739626,-2.244655896
2.362051551,4.074405335,9.151354303,373.94868
1.570594403,0.461764138,-1.000171588,-3.340945296
1.933698466,2.927460783,3.25542079,10.86453693
1.600299872,-1.121112092,-4.168473406,-41.24304813
1.828114861,-0.353028116,3.506264656,15.22681642
3.18071991,4.820999387,-0.24833494,-17.74662227
1.460734193,2.652332731,2.714500495,6.057114328
2.862653003,4.024482519,-0.070046439,-14.17151158
2.158799783,-0.576255867,2.962619748,7.426306703
2.955861348,2.068574489,0.458911749,-13.79952852
1.611978703,3.667472752,-1.507663403,-5.788526216
3.467875727,1.186023509,4.503701253,25.94770452
2.932054209,2.819353472,-1.259515377,-16.54070636
1.77391361,1.8280988,2.782477034,7.389363417
1.06380358,2.31590465,1.666824754,1.224136009
2.796871297,3.765101132,3.455366071,8.284898152
2.518252937,3.290923318,3.458914199,10.44978408
2.080789616,4.156573498,-2.176605963,-10.35475913
1.617764997,2.880809934,0.627637767,-3.489718012
2.515707982,-1.828482075,-2.591610024,-17.98547467
2.561500912,1.690349722,3.400038335,8.908486149
2.151549608,2.947737087,-6.423408091,-139.8952659
1.6123543,3.088422492,4.124917911,31.10941906
1.891213877,2.558391016,0.207425663,-5.786385235
2.232976115,4.42688576,2.848691224,4.804354948
1.76287625,0.517577992,-2.574267243,-13.41695025
2.553809507,5.662388428,3.537930223,12.03189692
2.194115649,2.392401209,-4.062130874,-41.36912661
1.864743181,-0.993510577,1.22497943,-1.72621685
2.459269709,5.032508432,6.342165173,117.8786799
2.067853854,1.799751171,1.29627975,-5.002910126
1.708757362,0.067204184,7.905710982,243.5311286
2.913194849,1.578060313,4.153848628,19.56495795
1.585602766,3.524414726,-1.360684918,-5.763162291
2.125315307,4.645248064,-2.400946384,-13.81692007
2.436664074,3.285907207,8.79416334,331.2845112
0.739472205,-0.947034991,1.08741313,1.048034698
2.865549096,4.267258418,3.889261046,15.47768071
1.006777865,4.116461665,3.43671703,19.30774747
3.085605285,-1.474168556,1.365048137,-16.08508475
2.175296442,4.602176832,6.884403087,157.0866453
2.529280684,2.526824243,9.711969527,447.3201589
1.612156191,3.888753015,1.676354577,-2.120001346
1.789003968,4.136121326,4.137307174,28.91215072
1.780049035,3.579190461,2.56271155,3.960590901
2.882618202,2.637508443,-3.250990676,-31.4888484
1.679147766,4.679521445,3.36066436,17.97195948
1.529552481,1.402614686,3.591335447,20.78854934
3.109153499,1.951243444,0.672352073,-16.23128
1.32035137,3.02023599,0.246050949,-2.415943654
1.928686342,4.612893797,-2.764276988,-16.99672629
2.123653294,3.926461608,0.028355731,-6.054536172
0.222258897,6.088015996,0.46155951,-0.449735818
2.144350076,2.717008184,1.073572412,-6.778759695
0.754873146,3.951993875,7.110221152,177.2408722
1.278073876,2.552343323,1.578678017,-1.135044746
2.31101684,1.6607402,3.18418668,7.449754239
1.762544707,1.288182161,3.569075043,18.78920261
2.211366029,2.812805281,-1.625782947,-8.331261991
1.296599999,4.156964997,2.406239339,5.307630933
1.805553171,3.88844114,-1.360132809,-5.551628073
1.65666175,0.463241555,9.768008595,461.6952899
1.422896208,3.149288015,1.747628951,-0.266692694
1.310933879,4.500923948,8.515880577,306.3961438
1.636813866,2.392993956,1.947724223,-0.125426721
1.893394948,6.070504614,-0.821112777,-6.369165355
2.261393986,2.086545312,-1.812533673,-11.40457813
2.091867171,3.832330916,3.090689,8.728912931
1.507861232,7.417093621,0.618994537,-2.132256111
2.275472287,3.74520647,3.25442798,9.416351219
2.402410106,2.464803432,-5.17665512,-77.13050785
2.228057327,4.294082556,1.934705942,-3.914055654
2.276871641,6.066792659,-1.662684623,-9.690171959
2.47294993,1.032323655,-1.184057232,-12.63292047
0.892487688,5.206408481,-3.536780587,-23.90808247
1.266453253,5.030594351,-2.064097253,-7.287457189
3.114391758,7.114803929,-2.5858643,-26.17395176
1.674268631,3.29155603,-7.816135247,-243.4088785
1.690939701,2.211790024,-2.171864124,-8.258455297
2.550192385,0.340627012,0.613954314,-9.68297183
2.688476624,2.501591012,-3.180074941,-25.30543617
2.457522322,1.405668171,1.125905832,-10.07737541
2.251813693,3.601818805,2.376609219,0.972543136
1.836897957,0.990717852,9.068455099,368.6385896
1.88323515,3.012198104,3.743313385,20.84919098
1.088016652,4.451431375,-0.14790113,-0.629864543
2.779728244,4.892857992,-3.154305424,-27.42480561
2.529384314,6.289026832,6.979422633,159.8256823
1.416045251,-0.453430169,6.94056379,164.4163574
1.774522787,1.761036437,5.142352782,64.75376588
2.33669167,4.4505589,2.916538598,3.370969702
1.902438596,4.066307758,5.20738033,66.26798944
0.855725371,1.721824123,-5.704881723,-93.42265397
1.734701375,2.950236348,-1.89355289,-8.139907291
2.269179796,3.638037375,-1.785304582,-11.23353754
2.3932512,2.263474032,0.092860468,-8.095215472
1.859374922,5.149692257,3.965436253,26.51120243
2.803904366,2.436546704,1.540722163,-10.92239551
2.234751377,3.208375834,-1.170163969,-9.309452652
1.143968671,4.345785907,-2.388760793,-8.429764446
1.738221111,4.920934036,3.406649372,15.02241813
2.250616307,2.637943534,1.923314563,-2.925417849
1.832827565,3.86331483,5.115042033,63.24461372
2.036162703,2.330980958,3.546908517,15.82985912
2.07697106,2.140893496,5.480414741,77.22479595
1.834676729,5.454308683,-1.080406121,-5.328506941
2.002853113,6.019958207,2.612188955,2.369319154
1.646840557,0.313279736,-9.772133353,-471.2505743
2.325356103,3.85878921,0.014408933,-7.828860479
1.818088158,3.308148231,2.837736443,6.626760149
2.68458684,5.225530611,-0.72557652,-13.7995904
2.536572422,5.61706814,-2.302850536,-15.98107806
2.637639717,6.023471118,-5.562047653,-98.97679077
2.677684077,0.100811691,-3.271183363,-29.09863424
1.469107422,4.690924651,0.199156085,-3.878888576
3.294087413,3.325860607,8.475963609,286.1523714
1.661691318,2.919306796,8.676418453,322.5765126
1.249600444,0.171969172,-1.122033845,-2.702897292
1.481447712,4.45659144,1.365490509,-2.348529182
2.102295532,3.606531618,6.926486409,158.2943991
2.650651643,4.440516272,-2.966884767,-23.99922911
2.547283522,3.347320132,2.025270587,-4.618065427
2.668405609,4.208925349,3.775526098,15.1533085
1.867685718,4.181684429,-2.549987772,-13.32136869
2.37064519,5.493418912,2.922130896,5.113241196
0.427991542,3.591002863,-2.613393961,-7.892852253
2.124049656,1.314173799,-2.442380728,-14.3478972
2.229871487,3.990457691,9.055107139,363.5268384
2.035766212,9.020084616,-1.535773098,-8.081633176
1.593100361,3.171591644,-1.635753977,-6.281201062
1.703726756,4.882634575,-0.314170397,-5.106101433
1.690720585,5.287616982,0.815125274,-3.2473265
2.60372025,5.646498736,-10.41115826,-575.2589434
2.016287814,2.481652577,-1.633511714,-8.175994513
3.655272835,1.15653297,-2.890559583,-35.18316867
1.434335942,0.977772918,4.974664125,58.09571494
2.46565238,2.175002324,-2.275097337,-14.00698504
2.05356462,3.893124887,0.27161085,-6.282467602
1.397635044,2.985830888,-0.185415584,-2.834699445
1.729727751,4.619374031,-5.05549687,-68.78053867
2.29635919,3.608237051,-2.79112738,-19.23423623
2.865859074,3.005009391,-2.000449696,-17.27948912
2.55730819,7.064890566,2.680629138,-0.440834956
1.541976595,3.960646135,1.410677624,-0.98751303
2.930831396,3.036598744,2.680813716,-4.932356972
1.425428537,3.43008278,-6.604413501,-146.990335
2.718088908,1.036909065,8.295362739,271.42874
2.217806395,4.799080574,-7.464929615,-214.0158958
1.186544862,2.737833245,5.783386045,95.10403633
1.752116914,2.176244005,0.290836773,-3.077930084
2.713809248,5.893515793,6.582607883,129.6589316
2.223523176,5.957962583,1.725806953,-4.574977954
2.188588638,2.706238394,-2.269335933,-14.50978881
1.721131744,4.701333443,-3.659895091,-28.82646712
2.230416194,5.211961536,-2.200116124,-12.46356024
1.914840809,1.662892735,1.048910162,-5.654876464
1.014557424,6.094443642,-1.215424041,-0.880359683
1.342726556,-1.372625036,1.557858081,-1.216283791
2.084743219,3.739869802,4.005103364,24.01019917
2.483528178,2.584892242,-0.151374413,-9.164916144
1.59128829,2.302023382,0.090556473,-3.990313041
1.989083745,1.660507187,11.5611921,766.3025868
2.50779349,3.334681298,3.001850425,3.932651046
1.213570944,3.097979015,3.33049801,17.41025052
2.231373372,5.277263733,2.573945006,1.28335138
2.390505132,3.380556502,1.614831322,-5.652953412
2.365302892,2.582302988,-0.95324479,-9.587727985
3.25455712,3.006841221,2.013681004,-14.61141357
0.238040561,4.416094439,-0.835199012,-0.715544553
2.26126665,2.296970673,1.038788727,-6.707318597
2.890976602,4.035598734,-2.256673158,-17.79113095
2.69728684,1.230661962,1.478080851,-7.19992022
1.424008567,3.657817252,-3.079859367,-19.08935169
1.645995943,3.61172717,-0.701130762,-4.010653879
1.778967736,1.922151895,-1.176566365,-6.073160818
2.246599157,0.094049503,-3.314143303,-25.04175067
1.713921466,2.060385058,-7.017076859,-177.8175563
1.701627095,0.962758009,-2.71507271,-13.64544776
1.185649347,2.914581541,-1.632369651,-2.872274728
1.335163954,-1.625110233,2.294267849,3.372354627
1.246042727,2.081794485,-6.294877389,-128.3429478
2.802558314,7.835621308,7.267528251,179.076893
2.167167816,1.175087985,1.367617331,-3.855307801
1.519572151,5.873917012,7.652958555,219.8977885
1.621506046,3.655349009,3.843979616,26.47748083
1.96147003,0.673702424,1.174456081,-4.365196415
2.27650078,6.39612685,2.944530669,3.889377146
3.253667336,5.188743431,-1.372989407,-20.08630952
2.739316805,5.696553029,6.046486553,97.36309068
2.740695355,1.601969346,6.20629394,108.0135267
2.461770584,3.977931483,0.745185557,-9.616820223
2.465159597,2.814301602,-4.317514441,-50.53681468
2.201952669,1.79143834,2.411813418,-0.884927092
1.751755904,0.404611887,-4.389149189,-47.14522511
1.166666022,5.697869005,-6.510603549,-136.2953214
2.375578509,3.153331213,12.26971263,913.7802568
1.223737976,5.081940232,4.082478516,31.63156261
2.651392203,3.381985091,2.160021128,-5.868809792
2.866026629,2.56667779,3.716670329,11.34821923
1.44177208,6.069709648,2.026338847,2.153274553
2.0932769,-2.358329515,-0.013793898,-6.288405963
3.080721103,6.307212655,-0.333929921,-16.99006435
2.087387362,4.447614839,-4.862639199,-63.05802193
2.863467916,5.141149657,2.361116423,-6.310009652
2.457328887,1.598946876,4.394654181,32.61494258
2.581844793,2.297622331,-10.04309255,-518.0216258
1.313993982,0.530800048,0.862834618,-1.28078677
1.890937458,2.783033113,-6.988334476,-175.3503947
2.453535499,0.045471108,2.916910583,1.44158523
2.78704975,3.959862154,4.842824821,45.40623532
2.544814619,0.045225807,-2.140632352,-13.63296226
2.546694198,1.013894454,12.67844505,1007.296228
2.328473638,3.746988419,-5.738920536,-103.3805757
2.12770816,4.348257517,7.672813948,217.9972707
1.40799624,0.664068863,-0.76657166,-1.448139432
0.648923108,3.372421019,2.689485335,11.25126592
2.152961856,2.295613636,-2.958957448,-19.94641566
1.493712269,0.67909199,3.183041932,13.88823334
2.694194225,-0.048485027,1.389137561,-9.389338901
2.365049635,1.936366087,-3.872979195,-37.1964199
1.239465467,4.821269125,2.788880969,7.039930683
1.975422657,3.089897579,2.261888998,-0.920743345
2.183706754,3.154291614,-0.883938284,-6.668242388
2.15747116,2.837438085,-6.835060692,-166.3358928
1.189708976,2.836802566,7.903286268,245.2043588
1.825591638,1.146007279,-1.063561411,-5.403004897
1.798078938,3.958735544,1.252346275,-3.819118042
2.237527174,0.202470897,2.339484019,-0.377817354
1.944976076,3.633268171,-2.428959428,-14.40829272
2.306914036,-0.151032621,5.714228366,85.74885366
3.08704479,4.392118973,-0.936487022,-14.3902606
2.344575569,4.169374567,6.55970282,131.9612407
2.01435449,6.638842305,-0.179115945,-5.794682302
1.94864584,7.95428791,-0.22698182,-6.175122308
1.326026905,3.681395186,2.342368265,3.662072124
1.819929517,2.55687573,-4.507586997,-52.00483176
2.905744454,7.013820941,3.687952871,11.16817812
2.59312406,7.463861779,1.009446445,-11.07230091
2.861930639,0.422576019,8.395333378,281.0828171
3.131382115,0.444878171,-2.934847648,-26.59531115
1.585935501,-0.140305308,4.005209366,30.29117695
2.39396031,3.279890288,1.888213036,-4.239070583
1.446308581,2.629350445,5.656805496,87.52005996
2.564519491,4.456499528,-4.898367589,-67.90779994
2.566216899,3.349502556,8.167713101,262.0171815
2.492764045,2.685098101,-1.242465582,-9.347602348
1.294537959,8.153256282,-0.886522089,-2.68596497
2.179046303,1.241253944,1.127580652,-5.957218402
1.600944851,1.753981955,-5.724237796,-97.69347658
2.730538457,0.356633978,0.927059047,-11.31463982
2.363955443,3.343970523,-3.171950801,-26.06815373
1.461027625,3.186726848,-2.359166955,-8.736020192
1.965862705,1.647635124,3.075122264,9.145058995
2.026656734,2.91968691,-0.433744042,-4.667172336
2.016359865,2.89176095,0.484392414,-8.466084831
1.442114837,-0.39525782,2.972869224,10.26934046
2.291242028,3.579736679,11.57808159,768.6919467
2.343248361,4.407399673,0.840482313,-8.346951242
0.998065277,1.857463981,1.034858037,-1.046600102
2.537568488,4.788349682,0.113620376,-10.64405395
3.196500785,2.732001665,-2.489684332,-23.47334546
1.549365605,1.359990453,0.19741654,-2.751339107
1.304452521,5.055798165,-3.688561552,-26.86024232
2.123658689,2.464488131,-0.916143371,-6.725521458
1.087324286,1.351056696,-0.101521398,-1.159375765
1.893771944,2.222587657,3.581503624,17.29288566
1.310773402,3.461731817,-0.178268703,-3.46091736
2.261277418,-0.585758311,-0.290034034,-7.898394738
1.294870865,4.004723162,2.740085932,7.825557482
3.283341319,4.215079013,2.55922902,-9.047693194
2.182905953,4.762672259,-1.158898729,-6.217020641
2.464601439,3.314598494,0.451957359,-10.47476015
2.758829373,5.581323885,5.122037333,52.2076032
3.557081643,5.476004358,1.52094962,-20.9256646
2.899326119,1.31255366,-2.835271169,-25.58514717
2.876384868,4.384367443,-7.602868535,-232.7993661
1.907713511,2.233107084,0.361813065,-4.333334729
2.997002152,3.721432328,0.050060011,-14.30094163
1.518821418,4.281831213,5.094118768,63.04003621
1.373589838,3.830570116,6.117270897,111.4332051
1.43352453,2.592410654,-0.871429229,-2.778008978
3.225439333,0.7488984,0.778195269,-17.52273492
1.1948886,1.822459952,1.179689741,-1.335783498
2.701506481,1.312420759,-0.32414891,-10.45409558
3.800337694,0.438889181,-5.810457376,-124.6711857
1.773384698,3.547997265,1.729171659,-4.79236559
1.933336347,0.201038139,1.265566466,-4.21420405
2.684204814,1.893853171,-0.811326778,-15.2103856
2.607151555,5.290010537,4.455389579,34.9332674
2.13554597,0.191902414,-0.017578834,-7.577605277
2.667709297,4.038824813,4.970807821,50.94622179
1.74900254,3.238700981,3.398677595,15.31199159
2.584003057,4.009649529,-1.831645588,-12.99748547
1.049082841,3.060424251,-5.257328793,-73.03942524
2.277385797,4.805555235,-2.273330081,-13.1618819
2.914671461,4.452426023,0.150893197,-14.67376995
1.831854175,5.193365279,-4.187098656,-43.14805422
2.790575282,4.015255371,-4.088300425,-48.40317694
1.600281074,6.797946285,0.134211721,-2.915423736
2.435106188,1.896148019,-1.405306307,-12.26999326
1.08642673,4.600699064,4.451347292,42.92201164
2.138552912,5.075441535,2.249968171,-0.849849648
3.304699881,4.919715949,0.15529432,-19.60230686
1.89454977,-1.526175994,-1.520189368,-9.093517127
2.464000246,0.403942973,8.712466669,320.3426824
1.915482421,2.86032666,6.338813053,120.6986885
2.562612148,4.132596315,0.446120166,-10.66391569
2.705773577,6.349315798,-7.524505939,-225.9968087
2.301968457,0.74450368,-1.293743152,-9.320959817
1.992872873,2.509369258,5.506410465,77.42091072
1.829581684,6.247731479,1.892017329,-2.477931284
2.291631071,1.777573451,4.393697067,33.66498557
1.849864676,1.225076585,-4.077425449,-38.35123389
3.862078008,3.32388165,-7.49163357,-235.8636822
1.980367332,3.479142308,2.264919727,0.884118647
2.467633021,4.708924006,4.1552377,25.13016447
1.691413398,5.470840988,2.232526631,-0.562291055
1.759517912,2.310051873,-0.329764909,-3.287678334
2.667658535,0.910368226,5.581978118,76.03165375
3.037358293,3.218546037,2.897208453,-4.961756695
1.881358545,4.348092372,0.199408636,-5.229122225
0.841152097,2.819525971,4.980830061,64.20088048
2.206235864,0.257863844,-4.43638362,-51.7576953
0.791881352,-0.655319339,4.074322342,32.23961277
1.593625241,1.354310386,7.170893616,181.1312857
1.882076774,1.794384186,2.742939996,5.058488152
2.260903956,1.194786095,-3.569829964,-30.77761674
1.669301247,1.177118896,6.700450069,146.2273844
1.696646888,-0.645877152,-4.723022941,-54.83751404
1.769890859,4.696504862,5.665195953,86.15090806
2.183515011,2.638848128,12.70343402,1017.842808
1.952989863,3.06406869,-4.637582962,-56.27905254
1.796935924,-1.419939346,7.317879937,191.383656
2.271469941,3.134195656,-0.253082649,-7.348974173
2.51716521,3.220191456,-3.214658253,-27.55302691
1.545120246,4.102381909,3.886910699,26.89307929
2.633549592,4.180846627,3.874270504,17.96783518
2.58847365,0.719572026,-2.723236075,-22.11656349
2.170032112,1.099421631,2.901177254,5.628516181
1.804756753,6.103523657,5.032678516,59.51862866
2.68296784,3.210209265,-0.657770714,-11.50010076
2.866426904,3.104821486,-0.560721665,-13.98748866
1.244809428,2.970815317,4.942334969,57.23104414
2.787510442,2.64014131,4.622047203,36.3736076
2.011010193,3.508414469,-4.592133596,-55.08725978
1.452715957,4.020716512,0.691166114,-2.652699059
2.2399204,3.022876932,4.342538051,34.17573556
2.843588338,7.272255618,-1.708948793,-15.08576421
2.689314955,3.356728553,3.549823099,9.183394275
2.849161472,3.56938385,-1.626160689,-15.71922174
1.369979851,5.667604088,6.920914735,163.4271347
2.883583396,2.616916549,2.634518366,-4.270828264
2.011770492,3.342573113,-1.902945437,-10.1143037
1.460337751,4.54244379,4.807698482,52.32810776
2.520088117,4.118247436,-0.638985963,-11.4556032
2.563476208,3.55120333,-3.043177812,-23.47082924
2.683282364,3.159812473,-0.353150735,-10.42682852
1.751786681,5.819278649,6.44646193,130.7449
1.209793074,3.115981494,5.916744502,99.98112152
1.565261023,-1.502717806,3.502505892,16.62131397
1.499703257,2.122086587,10.57321644,590.1942038
1.514688013,4.225863281,-3.370069791,-22.78259015
2.828521459,2.631615923,4.469874289,31.16787135
1.576869492,2.85296511,2.67274232,5.290052884
1.888503762,2.749220543,4.545435372,42.75784196
2.30908074,1.638785598,3.827182741,19.62079641
3.560260025,1.329919391,2.405723991,-14.05298482
2.021327095,0.067671159,-0.943445851,-7.264717767
0.715495471,2.273017853,3.484558655,20.52788143
1.533465647,3.932713365,-0.530401611,-4.268178386
1.60733549,4.280266716,-0.777839786,-2.557346901
0.589681121,2.885657678,3.776096782,26.01527609
2.802711894,2.086153058,0.900667474,-14.69747482
2.533411245,3.157181969,-0.625571377,-10.32234988
2.157924334,5.451942343,2.522532533,-0.873913931
2.128406662,2.852868139,0.304834204,-7.376600102
1.332259142,-0.154682127,3.925896424,27.77140621
1.97465967,0.225730695,5.795028758,92.95497472
2.976164209,3.954021166,-4.044767185,-47.83662679
1.88591725,0.574836921,7.328540348,191.673017
2.351422548,3.933301294,0.387644886,-8.737232069
-0.21117721,3.654032327,5.902854233,103.6057303
0.959380565,3.503230038,1.292017439,0.380070823
2.945778369,6.929151642,-0.608221268,-13.97668473
2.778461071,5.064876459,2.863038378,-0.626069434
2.906385429,3.059203437,-3.96325188,-43.24632323
1.781997031,3.951287179,4.503184731,40.88570138
2.698458511,3.285431333,4.518977127,33.1833495
2.542938869,1.766354848,5.362809676,66.47738201
1.641383991,-0.777102288,4.059020521,29.50218344
1.17390964,6.809520359,4.732976257,51.50546948
2.398393657,2.004812909,4.474222832,36.18991441
2.132046391,0.501006301,-2.11891984,-10.64545962
1.337054749,3.312122974,-3.753247231,-28.3542778
2.224354849,1.37397165,-3.545871037,-30.82566755
2.761646244,4.569098222,0.541366482,-12.29376884
1.6228766,6.466324427,-0.583546786,-4.050434801
2.583323135,-0.240887375,1.848702051,-8.410908616
2.109902936,5.098944236,-0.511249696,-7.910842858
1.26032522,1.604531325,0.631694914,-0.336088442
1.454413978,1.069417004,9.135421918,377.5373848
2.805471628,2.086986535,1.928587779,-9.770318196
2.297549494,4.488633373,-3.09586527,-25.78798237
1.27155771,4.285396357,-3.212375076,-18.114133
2.088593203,7.601347583,-4.191235113,-44.65464029
2.103086914,2.149701356,2.893936568,4.521564753
1.507261637,5.452874749,-1.572432353,-4.38253334
2.500294836,4.357113607,-0.525556366,-10.68281403
1.200224709,-1.228835929,-3.671803104,-26.12504421
1.833223702,4.775272744,2.275404794,-0.597683968
1.319209293,3.435515202,-0.937593191,-2.105463565
1.825024188,0.376031269,4.471928769,40.09124713
1.537351766,1.138225385,3.676212545,21.04025865
1.438578285,5.226703924,1.417860186,-0.74299311
1.495412338,4.205298428,-1.236779256,-4.927903948
2.821034105,5.240570319,7.476640818,195.573637
2.029203292,2.001690602,4.244857834,29.93242709
2.013585983,3.000050322,-3.386687096,-25.41631268
1.671999457,4.692312207,4.741356455,48.35877027
1.21863995,6.835844956,-1.671097934,-4.300665995
1.052407343,5.571456229,5.673321262,91.6722652
2.477342232,1.616778331,-3.935121535,-39.75180007
2.312733688,0.798609601,6.355141117,120.6212154
2.170574389,3.717837111,5.934989071,98.33687514
3.046102199,4.419321905,-4.704906146,-65.86690089
1.764763154,-1.210016128,0.2690686,-3.506290201
2.259383971,0.210344242,0.602268775,-7.786671048
1.939694699,3.682366677,-5.680422552,-97.08116978
2.505254454,1.187964508,2.211215402,-5.196008501
1.080634281,4.742421281,0.274526594,-1.568158057
1.006608251,1.468651395,8.098986361,263.7656658
3.068904022,3.894282865,-0.982868921,-14.77514239
0.922075481,-1.116324453,-3.062035308,-16.39826008
2.78744399,3.290975967,4.829436404,43.60452069
1.780729277,3.115045538,-3.604245826,-28.83869403
2.105553102,6.236974914,1.778656682,-4.321817425
1.949055136,1.085629471,0.483087245,-4.749078276
1.546712666,2.825277436,6.025312328,105.0555576
2.335095743,4.816388223,2.739941527,1.831926574
2.682719175,-0.123044232,-0.682720565,-11.15772167
3.348587395,1.797130171,-2.37506053,-24.38035672
2.131584318,5.960600159,4.272945579,33.23546512
1.571634814,4.29521256,7.583676071,214.6142294
2.431760089,0.745720176,3.277726327,9.542430501
1.815704222,4.072905504,0.985123526,-4.503415075
1.529530893,-1.007676888,-1.781881689,-5.576029613
1.422363415,2.744732317,3.874844266,27.28834823
2.075167416,3.765543565,3.777015248,21.30397487
1.592854343,4.680388311,2.387669526,3.86127569
1.831696139,0.578720615,4.495623746,39.92575781
1.596602982,2.50685177,5.353540685,72.79741906
2.949548074,5.238248138,5.327851451,60.28220252
2.436764159,6.365021581,3.816489095,19.054872
2.209857048,1.063888715,3.135904849,7.302958523
2.024809719,-0.392535816,6.934792427,160.8954733
2.444023549,2.887124564,5.693524046,83.71433588
1.264785623,2.556845657,-0.183618023,-0.876361521
3.903878499,1.483982249,2.253117526,-21.70164448
1.414456658,-0.055408384,2.659160545,6.462433014
1.466663532,3.456097435,0.186229472,-1.430846888
2.229272286,1.692146561,-1.895569723,-11.26999612
2.497663544,4.752177499,0.244686226,-9.423058594
2.749203924,2.744796172,6.002095601,95.31715909
2.725657889,3.016449757,6.055279703,99.37627492
0.910773063,3.495966558,-0.173641848,-1.168570422
2.753068995,3.414402073,5.21360388,59.06383653
2.483131556,0.319833484,-5.830487198,-107.1658755
1.359460119,1.234765411,-3.317789059,-21.73735087
2.039286121,6.785117058,-1.960653349,-8.485200497
1.579660316,1.529715694,2.023958341,-1.011864944
2.563376076,2.88776186,7.168857443,173.6418369
1.896635747,2.125212139,5.274779624,66.85328136
2.120205094,-1.150783001,-1.499657683,-9.151298509
1.316601799,2.627598191,6.147658413,114.3767327
2.999397019,1.098917642,6.293614509,110.4476327
2.963047463,0.293982887,3.354608706,3.452536397
2.276782436,5.054647839,7.285590846,185.8791806
1.313471541,3.214152428,9.375448174,409.8643254
1.873442171,3.568136883,-0.149773517,-4.16928842
2.435945569,0.119932049,-2.911805378,-20.65036998
1.717976662,3.592567183,5.764452736,92.82948666
1.399820001,4.985803759,1.217436609,-0.870069719
1.868117178,0.061464711,0.27198651,-6.288224056
1.334136474,3.115299773,-4.79503086,-57.30277747
1.672043481,1.919654454,3.421211177,16.93624115
1.421979766,6.282700809,4.40931454,40.01871251
2.91273042,4.55894343,-2.935954613,-26.38552654
1.365866264,2.132535037,5.038256872,61.09446271
2.643092549,2.326116968,-2.928292735,-22.12681345
2.3663142,-1.847529871,1.332462043,-6.377490179
2.675099022,4.304102624,0.586488449,-8.83980807
1.689166086,-0.080990213,-8.096594268,-270.0180698
1.99229688,3.459559352,-6.017283119,-115.5782082
1.644544994,1.518654731,5.525513431,80.48673846
2.362486021,3.352291572,2.518859488,-0.343383778
2.198376969,0.072481131,-6.870935531,-170.1446468
2.503048767,4.546844408,3.465362156,10.44023028
3.342305202,4.291381388,0.065534731,-19.19564675
2.150166228,2.392185933,5.809410929,90.13951852
2.276044625,4.689703722,-1.592777057,-9.476997686
0.980755146,1.395718053,-1.047269345,-1.630219993
3.13162915,3.605104127,2.122083851,-11.02113594
2.036478746,0.770266935,3.224516719,11.24653686
1.468953759,8.422884484,2.272748922,1.853619833
1.620790074,1.256153677,4.471036113,40.19767169
2.550382456,1.377063571,-6.923386292,-175.9587742
2.003206643,1.197303866,8.583220672,310.577459
1.37235328,2.822756132,8.125886196,267.5538207
2.762717618,-0.419924703,0.176506722,-11.4224364
1.556887018,4.706352403,-0.487051723,-3.8464572
0.893945964,1.325378212,5.428644926,77.8010807
1.462836608,2.339624852,0.361523187,-3.62763212
2.115374862,3.433363044,-2.394562361,-14.7230867
2.105211439,1.384410234,-1.100802415,-7.226425653
2.006985062,2.661997698,1.217676032,-6.019633271
1.047292924,-0.443344872,-3.473365017,-22.94142445
1.936181527,2.884009986,3.277989103,11.42057944
1.823148616,3.235716788,-4.264189864,-41.76215526
2.086140459,4.605323966,1.723935105,-3.335193104
1.237873335,4.38907133,-2.245445718,-7.481055232
2.515589057,4.852101723,0.140564035,-10.60767312
2.694581993,3.649522126,1.17599638,-8.772220885
2.577026269,-0.277880655,1.351718625,-8.58460526
1.981536622,2.86928394,1.333753695,-2.998347525
1.666354892,0.237551889,-0.420626254,-4.407107116
2.345504102,-0.759444541,3.479730162,11.69951777
1.24441502,2.739645564,3.956590047,28.17715118
1.647894814,-1.14321097,-1.001281042,-4.37241765
3.070770487,3.135593898,-5.226993961,-88.47717543
1.177751828,3.514861504,3.745982081,26.35297033
2.559128642,4.411740244,4.832377506,44.6240202
3.050270256,-0.450192427,0.1111715,-15.31414588
2.951629416,1.993597202,0.094900435,-14.22504768
0.965721746,4.200660593,0.640397681,-2.324302308
0.967370366,3.831330604,0.768062756,-2.135466821
2.148028978,4.701844912,0.032241248,-6.533843719
1.483248432,3.555685313,1.956495475,1.155247059
1.384343507,0.892877106,7.246184962,185.3210225
2.992260748,7.528124839,1.938997329,-11.69446254
2.452165204,2.450873937,-1.925890301,-11.7766178
2.382086824,1.713540129,3.449813023,10.81619817
2.411625331,2.840784642,7.377666344,191.5379617
2.374458372,1.887582263,-0.159878196,-7.979049275
1.554958776,-0.670144181,6.93701557,163.7089035
1.345418889,2.980349046,-4.864729294,-60.18228892
1.993389204,3.226394088,-6.323976866,-131.6560796
1.778994182,1.223558897,0.274256471,-5.424378471
3.15737284,2.825497685,5.894509475,86.2308299
1.572204425,0.753007262,0.514604162,-3.576317118
0.642008278,1.774424852,0.122372174,-0.422839017
1.551235241,3.635468389,4.838189784,52.14501632
2.415169681,4.414435408,1.642409445,-7.067994448
1.224516841,5.504316693,-3.160457446,-17.67828936
1.899499889,3.022623548,-0.15551839,-4.249558112
1.751443804,2.239255415,-3.070813334,-18.17204801
2.022974814,3.75262869,-0.93929588,-7.034529813
1.385162897,3.898202981,0.578916076,-2.67143175
2.943017152,2.504705652,1.087518998,-14.06265142
2.515282152,-1.546971569,-1.634635981,-11.59817898
2.640937074,3.98937116,1.254663371,-10.81665981
2.946253351,1.948023284,5.849826746,86.47721442
2.202870014,3.630209624,-0.403949757,-8.672045991
1.617539156,1.291785572,3.934864299,26.4659252
1.656718686,0.332474127,0.787781616,-3.45790787
2.03971973,4.571580858,-1.661801284,-7.34766221
2.329633361,3.238461267,5.27403908,65.37224569
2.01049609,1.784446652,1.535163197,-5.526732753
1.228718303,2.886034733,-0.963148409,-0.523641342
1.354870841,2.481823081,1.107373534,-1.561017527
3.086879327,0.88306053,2.574837829,-6.829790969
2.234785127,0.18792677,0.999199209,-7.121435687
1.534885702,1.883633121,2.622121551,6.389628344
1.208346906,3.397759059,-7.625030695,-222.7933985
3.017280293,6.38709869,-0.0257861,-13.57715753
2.051109477,1.698672008,-1.030524248,-5.164360989
1.675749375,3.422379981,-5.73666184,-97.58937127
1.715093234,7.119105092,-2.25106698,-9.240529532
2.048458577,1.667502347,1.796679005,-4.429269575
1.847130858,-2.460737511,0.884537054,-6.045254871
